source_paper,source_arxiv,source_table,source_page,table_kind,method,base_model,dataset,scene,psnr_db,ssim,lpips,size_mb,size_unit_printed,num_gaussians,fps,train_time_s,encode_time_s,decode_time_s,total_time_s,notes
pup_3dgs_hanson_cvpr2025,2406.10219,Table 2,6,main,3D-GS,3DGS,Mip-NeRF 360,average,27.47,0.8123,0.2216,746.46,MB,,64.07,,,,,"two rounds of prune-refine, 80% then 50% of the remaining, for 90% total; final sizes are matched between methods by construction; RTX A4000"
pup_3dgs_hanson_cvpr2025,2406.10219,Table 2,6,main,LightGaussian,3DGS,Mip-NeRF 360,average,26.28,0.7622,0.3054,74.65,MB,,162.12,,,,,"two rounds of prune-refine, 80% then 50% of the remaining, for 90% total; final sizes are matched between methods by construction; RTX A4000"
pup_3dgs_hanson_cvpr2025,2406.10219,Table 2,6,main,PUP 3D-GS,3DGS,Mip-NeRF 360,average,26.67,0.7862,0.2719,74.65,MB,,204.81,,,,,"two rounds of prune-refine, 80% then 50% of the remaining, for 90% total; final sizes are matched between methods by construction; RTX A4000"
pup_3dgs_hanson_cvpr2025,2406.10219,Table 2,6,main,3D-GS,3DGS,Tanks and Temples,average,23.77,0.8458,0.1777,433.24,MB,,97.86,,,,,"two rounds of prune-refine, 80% then 50% of the remaining, for 90% total; final sizes are matched between methods by construction; RTX A4000"
pup_3dgs_hanson_cvpr2025,2406.10219,Table 2,6,main,LightGaussian,3DGS,Tanks and Temples,average,23.08,0.795,0.2634,43.33,MB,,329.03,,,,,"two rounds of prune-refine, 80% then 50% of the remaining, for 90% total; final sizes are matched between methods by construction; RTX A4000"
pup_3dgs_hanson_cvpr2025,2406.10219,Table 2,6,main,PUP 3D-GS,3DGS,Tanks and Temples,average,22.72,0.8013,0.2441,43.33,MB,,391.1,,,,,"two rounds of prune-refine, 80% then 50% of the remaining, for 90% total; final sizes are matched between methods by construction; RTX A4000"
pup_3dgs_hanson_cvpr2025,2406.10219,Table 2,6,main,3D-GS,3DGS,Deep Blending,average,28.98,0.8816,0.2859,699.19,MB,,66.79,,,,,"two rounds of prune-refine, 80% then 50% of the remaining, for 90% total; final sizes are matched between methods by construction; RTX A4000"
pup_3dgs_hanson_cvpr2025,2406.10219,Table 2,6,main,LightGaussian,3DGS,Deep Blending,average,28.51,0.8675,0.3292,69.92,MB,,234.1,,,,,"two rounds of prune-refine, 80% then 50% of the remaining, for 90% total; final sizes are matched between methods by construction; RTX A4000"
pup_3dgs_hanson_cvpr2025,2406.10219,Table 2,6,main,PUP 3D-GS,3DGS,Deep Blending,average,28.85,0.881,0.3015,69.92,MB,,301.43,,,,,"two rounds of prune-refine, 80% then 50% of the remaining, for 90% total; final sizes are matched between methods by construction; RTX A4000"
pup_3dgs_hanson_cvpr2025,2406.10219,Table 3,7,main,3D-GS,3DGS,Mip-NeRF 360,average,27.47,0.8123,0.2216,746.46,MB,,64.07,,,,,"90% pruning followed by LightGaussian Vectree quantization; average size reduction against unpruned 3D-GS is 51.70x, 52.56x and 51.06x on the three datasets"
pup_3dgs_hanson_cvpr2025,2406.10219,Table 3,7,main,LightGaussian + Vectree,3DGS,Mip-NeRF 360,average,24.65,0.7302,0.3341,14.44,MB,,162.34,,,,,"90% pruning followed by LightGaussian Vectree quantization; average size reduction against unpruned 3D-GS is 51.70x, 52.56x and 51.06x on the three datasets"
pup_3dgs_hanson_cvpr2025,2406.10219,Table 3,7,main,PUP 3D-GS + Vectree,3DGS,Mip-NeRF 360,average,24.93,0.7584,0.2988,14.44,MB,,205.97,,,,,"90% pruning followed by LightGaussian Vectree quantization; average size reduction against unpruned 3D-GS is 51.70x, 52.56x and 51.06x on the three datasets"
pup_3dgs_hanson_cvpr2025,2406.10219,Table 3,7,main,3D-GS,3DGS,Tanks and Temples,average,23.77,0.8458,0.1777,433.24,MB,,97.86,,,,,"90% pruning followed by LightGaussian Vectree quantization; average size reduction against unpruned 3D-GS is 51.70x, 52.56x and 51.06x on the three datasets"
pup_3dgs_hanson_cvpr2025,2406.10219,Table 3,7,main,LightGaussian + Vectree,3DGS,Tanks and Temples,average,21.88,0.7679,0.2886,8.53,MB,,331.47,,,,,"90% pruning followed by LightGaussian Vectree quantization; average size reduction against unpruned 3D-GS is 51.70x, 52.56x and 51.06x on the three datasets"
pup_3dgs_hanson_cvpr2025,2406.10219,Table 3,7,main,PUP 3D-GS + Vectree,3DGS,Tanks and Temples,average,21.61,0.7787,0.267,8.49,MB,,389.18,,,,,"90% pruning followed by LightGaussian Vectree quantization; average size reduction against unpruned 3D-GS is 51.70x, 52.56x and 51.06x on the three datasets"
pup_3dgs_hanson_cvpr2025,2406.10219,Table 3,7,main,3D-GS,3DGS,Deep Blending,average,28.98,0.8816,0.2859,699.19,MB,,66.79,,,,,"90% pruning followed by LightGaussian Vectree quantization; average size reduction against unpruned 3D-GS is 51.70x, 52.56x and 51.06x on the three datasets"
pup_3dgs_hanson_cvpr2025,2406.10219,Table 3,7,main,LightGaussian + Vectree,3DGS,Deep Blending,average,27.9,0.8586,0.3403,13.38,MB,,233.28,,,,,"90% pruning followed by LightGaussian Vectree quantization; average size reduction against unpruned 3D-GS is 51.70x, 52.56x and 51.06x on the three datasets"
pup_3dgs_hanson_cvpr2025,2406.10219,Table 3,7,main,PUP 3D-GS + Vectree,3DGS,Deep Blending,average,28.24,0.8735,0.3108,13.3,MB,,300.15,,,,,"90% pruning followed by LightGaussian Vectree quantization; average size reduction against unpruned 3D-GS is 51.70x, 52.56x and 51.06x on the three datasets"
pup_3dgs_hanson_cvpr2025,2406.10219,Table 4,7,ablation,3D-GS,3DGS,Mip-NeRF 360,average,27.47,0.8123,0.2216,746.46,MB,,95.59,,,,,both settings reach 90% total pruning with 10000 finetuning iterations
pup_3dgs_hanson_cvpr2025,2406.10219,Table 4,7,ablation,PUP 3D-GS prune 90% + 10k finetune,3DGS,Mip-NeRF 360,average,26.12,0.7761,0.2807,74.65,MB,,189.95,,,,,both settings reach 90% total pruning with 10000 finetuning iterations
pup_3dgs_hanson_cvpr2025,2406.10219,Table 4,7,ablation,"PUP 3D-GS prune 80% then 50%, 5k finetune each",3DGS,Mip-NeRF 360,average,26.67,0.7862,0.2719,74.65,MB,,204.81,,,,,both settings reach 90% total pruning with 10000 finetuning iterations
pup_3dgs_hanson_cvpr2025,2406.10219,Tables 7-10,12,supplement,3D-GS,3DGS,Mip-NeRF 360,bicycle,25.09,0.7467,0.2442,,,,32.32,,,,,after two rounds of prune-refine to 90%; no per-scene size column; FPS on an RTX A4000
pup_3dgs_hanson_cvpr2025,2406.10219,Tables 7-10,12,supplement,3D-GS,3DGS,Mip-NeRF 360,bonsai,32.25,0.9457,0.1811,,,,106.65,,,,,after two rounds of prune-refine to 90%; no per-scene size column; FPS on an RTX A4000
pup_3dgs_hanson_cvpr2025,2406.10219,Tables 7-10,12,supplement,3D-GS,3DGS,Mip-NeRF 360,counter,29.11,0.914,0.1838,,,,79.7,,,,,after two rounds of prune-refine to 90%; no per-scene size column; FPS on an RTX A4000
pup_3dgs_hanson_cvpr2025,2406.10219,Tables 7-10,12,supplement,3D-GS,3DGS,Mip-NeRF 360,flowers,21.34,0.5875,0.3602,,,,66.48,,,,,after two rounds of prune-refine to 90%; no per-scene size column; FPS on an RTX A4000
pup_3dgs_hanson_cvpr2025,2406.10219,Tables 7-10,12,supplement,3D-GS,3DGS,Mip-NeRF 360,garden,27.28,0.8558,0.1225,,,,37.6,,,,,after two rounds of prune-refine to 90%; no per-scene size column; FPS on an RTX A4000
pup_3dgs_hanson_cvpr2025,2406.10219,Tables 7-10,12,supplement,3D-GS,3DGS,Mip-NeRF 360,kitchen,31.57,0.9317,0.1165,,,,64.46,,,,,after two rounds of prune-refine to 90%; no per-scene size column; FPS on an RTX A4000
pup_3dgs_hanson_cvpr2025,2406.10219,Tables 7-10,12,supplement,3D-GS,3DGS,Mip-NeRF 360,room,31.51,0.9255,0.1973,,,,76.31,,,,,after two rounds of prune-refine to 90%; no per-scene size column; FPS on an RTX A4000
pup_3dgs_hanson_cvpr2025,2406.10219,Tables 7-10,12,supplement,3D-GS,3DGS,Mip-NeRF 360,stump,26.55,0.7687,0.2429,,,,54.04,,,,,after two rounds of prune-refine to 90%; no per-scene size column; FPS on an RTX A4000
pup_3dgs_hanson_cvpr2025,2406.10219,Tables 7-10,12,supplement,3D-GS,3DGS,Mip-NeRF 360,treehill,22.56,0.6352,0.346,,,,59.08,,,,,after two rounds of prune-refine to 90%; no per-scene size column; FPS on an RTX A4000
pup_3dgs_hanson_cvpr2025,2406.10219,Tables 7-10,12,supplement,3D-GS,3DGS,Tanks and Temples,train,22.1,0.8134,0.2077,,,,114.45,,,,,after two rounds of prune-refine to 90%; no per-scene size column; FPS on an RTX A4000
pup_3dgs_hanson_cvpr2025,2406.10219,Tables 7-10,12,supplement,3D-GS,3DGS,Tanks and Temples,truck,25.43,0.8782,0.1476,,,,81.26,,,,,after two rounds of prune-refine to 90%; no per-scene size column; FPS on an RTX A4000
pup_3dgs_hanson_cvpr2025,2406.10219,Tables 7-10,12,supplement,3D-GS,3DGS,Deep Blending,drjohnson,28.15,0.8778,0.2895,,,,56.79,,,,,after two rounds of prune-refine to 90%; no per-scene size column; FPS on an RTX A4000
pup_3dgs_hanson_cvpr2025,2406.10219,Tables 7-10,12,supplement,3D-GS,3DGS,Deep Blending,playroom,29.81,0.8854,0.2823,,,,76.79,,,,,after two rounds of prune-refine to 90%; no per-scene size column; FPS on an RTX A4000
pup_3dgs_hanson_cvpr2025,2406.10219,Tables 7-10,12,supplement,LightGaussian,3DGS,Mip-NeRF 360,bicycle,24.34,0.6801,0.3338,,,,110.94,,,,,after two rounds of prune-refine to 90%; no per-scene size column; FPS on an RTX A4000
pup_3dgs_hanson_cvpr2025,2406.10219,Tables 7-10,12,supplement,LightGaussian,3DGS,Mip-NeRF 360,bonsai,29.64,0.8921,0.2568,,,,208.15,,,,,after two rounds of prune-refine to 90%; no per-scene size column; FPS on an RTX A4000
pup_3dgs_hanson_cvpr2025,2406.10219,Tables 7-10,12,supplement,LightGaussian,3DGS,Mip-NeRF 360,counter,27.57,0.8562,0.2801,,,,168.48,,,,,after two rounds of prune-refine to 90%; no per-scene size column; FPS on an RTX A4000
pup_3dgs_hanson_cvpr2025,2406.10219,Tables 7-10,12,supplement,LightGaussian,3DGS,Mip-NeRF 360,flowers,20.7,0.5343,0.4258,,,,182.28,,,,,after two rounds of prune-refine to 90%; no per-scene size column; FPS on an RTX A4000
pup_3dgs_hanson_cvpr2025,2406.10219,Tables 7-10,12,supplement,LightGaussian,3DGS,Mip-NeRF 360,garden,25.78,0.7833,0.2407,,,,133.77,,,,,after two rounds of prune-refine to 90%; no per-scene size column; FPS on an RTX A4000
pup_3dgs_hanson_cvpr2025,2406.10219,Tables 7-10,12,supplement,LightGaussian,3DGS,Mip-NeRF 360,kitchen,29.45,0.883,0.2042,,,,165.98,,,,,after two rounds of prune-refine to 90%; no per-scene size column; FPS on an RTX A4000
pup_3dgs_hanson_cvpr2025,2406.10219,Tables 7-10,12,supplement,LightGaussian,3DGS,Mip-NeRF 360,room,30.65,0.8989,0.2625,,,,172.46,,,,,after two rounds of prune-refine to 90%; no per-scene size column; FPS on an RTX A4000
pup_3dgs_hanson_cvpr2025,2406.10219,Tables 7-10,12,supplement,LightGaussian,3DGS,Mip-NeRF 360,stump,25.88,0.7256,0.3132,,,,169.98,,,,,after two rounds of prune-refine to 90%; no per-scene size column; FPS on an RTX A4000
pup_3dgs_hanson_cvpr2025,2406.10219,Tables 7-10,12,supplement,LightGaussian,3DGS,Mip-NeRF 360,treehill,22.49,0.5956,0.4315,,,,147.03,,,,,after two rounds of prune-refine to 90%; no per-scene size column; FPS on an RTX A4000
pup_3dgs_hanson_cvpr2025,2406.10219,Tables 7-10,12,supplement,LightGaussian,3DGS,Tanks and Temples,train,21.35,0.7349,0.3227,,,,378.5,,,,,after two rounds of prune-refine to 90%; no per-scene size column; FPS on an RTX A4000
pup_3dgs_hanson_cvpr2025,2406.10219,Tables 7-10,12,supplement,LightGaussian,3DGS,Tanks and Temples,truck,24.81,0.8512,0.2041,,,,279.55,,,,,after two rounds of prune-refine to 90%; no per-scene size column; FPS on an RTX A4000
pup_3dgs_hanson_cvpr2025,2406.10219,Tables 7-10,12,supplement,LightGaussian,3DGS,Deep Blending,drjohnson,27.73,0.8546,0.3383,,,,206.94,,,,,after two rounds of prune-refine to 90%; no per-scene size column; FPS on an RTX A4000
pup_3dgs_hanson_cvpr2025,2406.10219,Tables 7-10,12,supplement,LightGaussian,3DGS,Deep Blending,playroom,29.29,0.8747,0.3201,,,,261.27,,,,,after two rounds of prune-refine to 90%; no per-scene size column; FPS on an RTX A4000
pup_3dgs_hanson_cvpr2025,2406.10219,Tables 7-10,12,supplement,PUP 3D-GS,3DGS,Mip-NeRF 360,bicycle,24.72,0.727,0.2965,,,,127.85,,,,,after two rounds of prune-refine to 90%; no per-scene size column; FPS on an RTX A4000
pup_3dgs_hanson_cvpr2025,2406.10219,Tables 7-10,12,supplement,PUP 3D-GS,3DGS,Mip-NeRF 360,bonsai,30.64,0.9261,0.2281,,,,289.21,,,,,after two rounds of prune-refine to 90%; no per-scene size column; FPS on an RTX A4000
pup_3dgs_hanson_cvpr2025,2406.10219,Tables 7-10,12,supplement,PUP 3D-GS,3DGS,Mip-NeRF 360,counter,28.0,0.8917,0.2297,,,,222.77,,,,,after two rounds of prune-refine to 90%; no per-scene size column; FPS on an RTX A4000
pup_3dgs_hanson_cvpr2025,2406.10219,Tables 7-10,12,supplement,PUP 3D-GS,3DGS,Mip-NeRF 360,flowers,20.86,0.5548,0.4211,,,,205.21,,,,,after two rounds of prune-refine to 90%; no per-scene size column; FPS on an RTX A4000
pup_3dgs_hanson_cvpr2025,2406.10219,Tables 7-10,12,supplement,PUP 3D-GS,3DGS,Mip-NeRF 360,garden,26.23,0.8189,0.1997,,,,164.79,,,,,after two rounds of prune-refine to 90%; no per-scene size column; FPS on an RTX A4000
pup_3dgs_hanson_cvpr2025,2406.10219,Tables 7-10,12,supplement,PUP 3D-GS,3DGS,Mip-NeRF 360,kitchen,29.83,0.9128,0.1545,,,,237.66,,,,,after two rounds of prune-refine to 90%; no per-scene size column; FPS on an RTX A4000
pup_3dgs_hanson_cvpr2025,2406.10219,Tables 7-10,12,supplement,PUP 3D-GS,3DGS,Mip-NeRF 360,room,31.03,0.9152,0.2278,,,,231.63,,,,,after two rounds of prune-refine to 90%; no per-scene size column; FPS on an RTX A4000
pup_3dgs_hanson_cvpr2025,2406.10219,Tables 7-10,12,supplement,PUP 3D-GS,3DGS,Mip-NeRF 360,stump,26.3,0.757,0.2836,,,,179.38,,,,,after two rounds of prune-refine to 90%; no per-scene size column; FPS on an RTX A4000
pup_3dgs_hanson_cvpr2025,2406.10219,Tables 7-10,12,supplement,PUP 3D-GS,3DGS,Mip-NeRF 360,treehill,22.39,0.6248,0.4062,,,,184.78,,,,,after two rounds of prune-refine to 90%; no per-scene size column; FPS on an RTX A4000
pup_3dgs_hanson_cvpr2025,2406.10219,Tables 7-10,12,supplement,PUP 3D-GS,3DGS,Tanks and Temples,train,21.03,0.76,0.2967,,,,494.76,,,,,after two rounds of prune-refine to 90%; no per-scene size column; FPS on an RTX A4000
pup_3dgs_hanson_cvpr2025,2406.10219,Tables 7-10,12,supplement,PUP 3D-GS,3DGS,Tanks and Temples,truck,24.4,0.8541,0.1916,,,,287.44,,,,,after two rounds of prune-refine to 90%; no per-scene size column; FPS on an RTX A4000
pup_3dgs_hanson_cvpr2025,2406.10219,Tables 7-10,12,supplement,PUP 3D-GS,3DGS,Deep Blending,drjohnson,28.0,0.8762,0.3067,,,,284.81,,,,,after two rounds of prune-refine to 90%; no per-scene size column; FPS on an RTX A4000
pup_3dgs_hanson_cvpr2025,2406.10219,Tables 7-10,12,supplement,PUP 3D-GS,3DGS,Deep Blending,playroom,29.71,0.8861,0.2963,,,,318.06,,,,,after two rounds of prune-refine to 90%; no per-scene size column; FPS on an RTX A4000
