source_paper,source_arxiv,source_table,source_page,method,venue,dataset,matched_metric,size_reduction_factor_vs_inria_3dgs_40k,is_lower_bound,notes
kiss_gs_morgenstern_eccv2026,2608.26948,Table 3,14,CodecGS,ICCV 2025,Tanks and Temples,PSNR,53,yes,"interpolated point at which the method matches INRIA 3DGS 40k quality on that metric; * means the smallest available operating point already reaches it, so the factor is a lower bound"
kiss_gs_morgenstern_eccv2026,2608.26948,Table 3,14,CodecGS,ICCV 2025,Mip-NeRF 360,PSNR,72,yes,"interpolated point at which the method matches INRIA 3DGS 40k quality on that metric; * means the smallest available operating point already reaches it, so the factor is a lower bound"
kiss_gs_morgenstern_eccv2026,2608.26948,Table 3,14,CodecGS,ICCV 2025,Mip-NeRF 360,SSIM,72,yes,"interpolated point at which the method matches INRIA 3DGS 40k quality on that metric; * means the smallest available operating point already reaches it, so the factor is a lower bound"
kiss_gs_morgenstern_eccv2026,2608.26948,Table 3,14,CodecGS,ICCV 2025,Deep Blending,PSNR,76,yes,"interpolated point at which the method matches INRIA 3DGS 40k quality on that metric; * means the smallest available operating point already reaches it, so the factor is a lower bound"
kiss_gs_morgenstern_eccv2026,2608.26948,Table 3,14,CodecGS,ICCV 2025,Deep Blending,SSIM,76,yes,"interpolated point at which the method matches INRIA 3DGS 40k quality on that metric; * means the smallest available operating point already reaches it, so the factor is a lower bound"
kiss_gs_morgenstern_eccv2026,2608.26948,Table 3,14,ContextGS,NeurIPS 2024,Tanks and Temples,PSNR,42,yes,"interpolated point at which the method matches INRIA 3DGS 40k quality on that metric; * means the smallest available operating point already reaches it, so the factor is a lower bound"
kiss_gs_morgenstern_eccv2026,2608.26948,Table 3,14,ContextGS,NeurIPS 2024,Tanks and Temples,SSIM,42,yes,"interpolated point at which the method matches INRIA 3DGS 40k quality on that metric; * means the smallest available operating point already reaches it, so the factor is a lower bound"
kiss_gs_morgenstern_eccv2026,2608.26948,Table 3,14,ContextGS,NeurIPS 2024,Mip-NeRF 360,PSNR,55,yes,"interpolated point at which the method matches INRIA 3DGS 40k quality on that metric; * means the smallest available operating point already reaches it, so the factor is a lower bound"
kiss_gs_morgenstern_eccv2026,2608.26948,Table 3,14,ContextGS,NeurIPS 2024,Mip-NeRF 360,SSIM,55,yes,"interpolated point at which the method matches INRIA 3DGS 40k quality on that metric; * means the smallest available operating point already reaches it, so the factor is a lower bound"
kiss_gs_morgenstern_eccv2026,2608.26948,Table 3,14,ContextGS,NeurIPS 2024,Deep Blending,PSNR,187,yes,"interpolated point at which the method matches INRIA 3DGS 40k quality on that metric; * means the smallest available operating point already reaches it, so the factor is a lower bound"
kiss_gs_morgenstern_eccv2026,2608.26948,Table 3,14,ContextGS,NeurIPS 2024,Deep Blending,SSIM,187,yes,"interpolated point at which the method matches INRIA 3DGS 40k quality on that metric; * means the smallest available operating point already reaches it, so the factor is a lower bound"
kiss_gs_morgenstern_eccv2026,2608.26948,Table 3,14,gsplat-1M,arXiv 2024,Tanks and Temples,PSNR,60,yes,"interpolated point at which the method matches INRIA 3DGS 40k quality on that metric; * means the smallest available operating point already reaches it, so the factor is a lower bound"
kiss_gs_morgenstern_eccv2026,2608.26948,Table 3,14,gsplat-1M,arXiv 2024,Tanks and Temples,SSIM,44,no,"interpolated point at which the method matches INRIA 3DGS 40k quality on that metric; * means the smallest available operating point already reaches it, so the factor is a lower bound"
kiss_gs_morgenstern_eccv2026,2608.26948,Table 3,14,gsplat-1M,arXiv 2024,Tanks and Temples,LPIPS,26,no,"interpolated point at which the method matches INRIA 3DGS 40k quality on that metric; * means the smallest available operating point already reaches it, so the factor is a lower bound"
kiss_gs_morgenstern_eccv2026,2608.26948,Table 3,14,gsplat-1M,arXiv 2024,Mip-NeRF 360,PSNR,52,no,"interpolated point at which the method matches INRIA 3DGS 40k quality on that metric; * means the smallest available operating point already reaches it, so the factor is a lower bound"
kiss_gs_morgenstern_eccv2026,2608.26948,Table 3,14,gsplat-1M,arXiv 2024,Mip-NeRF 360,SSIM,57,no,"interpolated point at which the method matches INRIA 3DGS 40k quality on that metric; * means the smallest available operating point already reaches it, so the factor is a lower bound"
kiss_gs_morgenstern_eccv2026,2608.26948,Table 3,14,gsplat-1M,arXiv 2024,Mip-NeRF 360,LPIPS,28,no,"interpolated point at which the method matches INRIA 3DGS 40k quality on that metric; * means the smallest available operating point already reaches it, so the factor is a lower bound"
kiss_gs_morgenstern_eccv2026,2608.26948,Table 3,14,HAC,ECCV 2024,Tanks and Temples,PSNR,49,yes,"interpolated point at which the method matches INRIA 3DGS 40k quality on that metric; * means the smallest available operating point already reaches it, so the factor is a lower bound"
kiss_gs_morgenstern_eccv2026,2608.26948,Table 3,14,HAC,ECCV 2024,Tanks and Temples,SSIM,48,no,"interpolated point at which the method matches INRIA 3DGS 40k quality on that metric; * means the smallest available operating point already reaches it, so the factor is a lower bound"
kiss_gs_morgenstern_eccv2026,2608.26948,Table 3,14,HAC,ECCV 2024,Mip-NeRF 360,PSNR,46,yes,"interpolated point at which the method matches INRIA 3DGS 40k quality on that metric; * means the smallest available operating point already reaches it, so the factor is a lower bound"
kiss_gs_morgenstern_eccv2026,2608.26948,Table 3,14,HAC,ECCV 2024,Mip-NeRF 360,SSIM,46,yes,"interpolated point at which the method matches INRIA 3DGS 40k quality on that metric; * means the smallest available operating point already reaches it, so the factor is a lower bound"
kiss_gs_morgenstern_eccv2026,2608.26948,Table 3,14,HAC,ECCV 2024,Deep Blending,PSNR,150,yes,"interpolated point at which the method matches INRIA 3DGS 40k quality on that metric; * means the smallest available operating point already reaches it, so the factor is a lower bound"
kiss_gs_morgenstern_eccv2026,2608.26948,Table 3,14,HAC,ECCV 2024,Deep Blending,SSIM,129,no,"interpolated point at which the method matches INRIA 3DGS 40k quality on that metric; * means the smallest available operating point already reaches it, so the factor is a lower bound"
kiss_gs_morgenstern_eccv2026,2608.26948,Table 3,14,HAC,ECCV 2024,NeRF Synthetic,PSNR,47,no,"interpolated point at which the method matches INRIA 3DGS 40k quality on that metric; * means the smallest available operating point already reaches it, so the factor is a lower bound"
kiss_gs_morgenstern_eccv2026,2608.26948,Table 3,14,HEMGS,arXiv 2024,Tanks and Temples,PSNR,69,yes,"interpolated point at which the method matches INRIA 3DGS 40k quality on that metric; * means the smallest available operating point already reaches it, so the factor is a lower bound"
kiss_gs_morgenstern_eccv2026,2608.26948,Table 3,14,HEMGS,arXiv 2024,Tanks and Temples,SSIM,69,yes,"interpolated point at which the method matches INRIA 3DGS 40k quality on that metric; * means the smallest available operating point already reaches it, so the factor is a lower bound"
kiss_gs_morgenstern_eccv2026,2608.26948,Table 3,14,HEMGS,arXiv 2024,Mip-NeRF 360,PSNR,59,yes,"interpolated point at which the method matches INRIA 3DGS 40k quality on that metric; * means the smallest available operating point already reaches it, so the factor is a lower bound"
kiss_gs_morgenstern_eccv2026,2608.26948,Table 3,14,HEMGS,arXiv 2024,Mip-NeRF 360,SSIM,59,yes,"interpolated point at which the method matches INRIA 3DGS 40k quality on that metric; * means the smallest available operating point already reaches it, so the factor is a lower bound"
kiss_gs_morgenstern_eccv2026,2608.26948,Table 3,14,HEMGS,arXiv 2024,Deep Blending,PSNR,229,yes,"interpolated point at which the method matches INRIA 3DGS 40k quality on that metric; * means the smallest available operating point already reaches it, so the factor is a lower bound"
kiss_gs_morgenstern_eccv2026,2608.26948,Table 3,14,HEMGS,arXiv 2024,Deep Blending,SSIM,229,yes,"interpolated point at which the method matches INRIA 3DGS 40k quality on that metric; * means the smallest available operating point already reaches it, so the factor is a lower bound"
kiss_gs_morgenstern_eccv2026,2608.26948,Table 3,14,HEMGS,arXiv 2024,NeRF Synthetic,PSNR,57,yes,"interpolated point at which the method matches INRIA 3DGS 40k quality on that metric; * means the smallest available operating point already reaches it, so the factor is a lower bound"
kiss_gs_morgenstern_eccv2026,2608.26948,Table 3,14,HAC++,TPAMI 2025,Tanks and Temples,PSNR,77,yes,"interpolated point at which the method matches INRIA 3DGS 40k quality on that metric; * means the smallest available operating point already reaches it, so the factor is a lower bound"
kiss_gs_morgenstern_eccv2026,2608.26948,Table 3,14,HAC++,TPAMI 2025,Tanks and Temples,SSIM,68,no,"interpolated point at which the method matches INRIA 3DGS 40k quality on that metric; * means the smallest available operating point already reaches it, so the factor is a lower bound"
kiss_gs_morgenstern_eccv2026,2608.26948,Table 3,14,HAC++,TPAMI 2025,Mip-NeRF 360,PSNR,70,no,"interpolated point at which the method matches INRIA 3DGS 40k quality on that metric; * means the smallest available operating point already reaches it, so the factor is a lower bound"
kiss_gs_morgenstern_eccv2026,2608.26948,Table 3,14,HAC++,TPAMI 2025,Mip-NeRF 360,SSIM,36,no,"interpolated point at which the method matches INRIA 3DGS 40k quality on that metric; * means the smallest available operating point already reaches it, so the factor is a lower bound"
kiss_gs_morgenstern_eccv2026,2608.26948,Table 3,14,HAC++,TPAMI 2025,Deep Blending,PSNR,156,no,"interpolated point at which the method matches INRIA 3DGS 40k quality on that metric; * means the smallest available operating point already reaches it, so the factor is a lower bound"
kiss_gs_morgenstern_eccv2026,2608.26948,Table 3,14,HAC++,TPAMI 2025,Deep Blending,SSIM,156,no,"interpolated point at which the method matches INRIA 3DGS 40k quality on that metric; * means the smallest available operating point already reaches it, so the factor is a lower bound"
kiss_gs_morgenstern_eccv2026,2608.26948,Table 3,14,KISS-GS (SOG-XT),ECCV 2026,Tanks and Temples,PSNR,227,no,"interpolated point at which the method matches INRIA 3DGS 40k quality on that metric; * means the smallest available operating point already reaches it, so the factor is a lower bound"
kiss_gs_morgenstern_eccv2026,2608.26948,Table 3,14,KISS-GS (SOG-XT),ECCV 2026,Tanks and Temples,SSIM,104,no,"interpolated point at which the method matches INRIA 3DGS 40k quality on that metric; * means the smallest available operating point already reaches it, so the factor is a lower bound"
kiss_gs_morgenstern_eccv2026,2608.26948,Table 3,14,KISS-GS (SOG-XT),ECCV 2026,Tanks and Temples,LPIPS,60,no,"interpolated point at which the method matches INRIA 3DGS 40k quality on that metric; * means the smallest available operating point already reaches it, so the factor is a lower bound"
kiss_gs_morgenstern_eccv2026,2608.26948,Table 3,14,KISS-GS (SOG-XT),ECCV 2026,Mip-NeRF 360,PSNR,104,no,"interpolated point at which the method matches INRIA 3DGS 40k quality on that metric; * means the smallest available operating point already reaches it, so the factor is a lower bound"
kiss_gs_morgenstern_eccv2026,2608.26948,Table 3,14,KISS-GS (SOG-XT),ECCV 2026,Mip-NeRF 360,SSIM,73,no,"interpolated point at which the method matches INRIA 3DGS 40k quality on that metric; * means the smallest available operating point already reaches it, so the factor is a lower bound"
kiss_gs_morgenstern_eccv2026,2608.26948,Table 3,14,KISS-GS (SOG-XT),ECCV 2026,Mip-NeRF 360,LPIPS,40,no,"interpolated point at which the method matches INRIA 3DGS 40k quality on that metric; * means the smallest available operating point already reaches it, so the factor is a lower bound"
kiss_gs_morgenstern_eccv2026,2608.26948,Table 3,14,KISS-GS (SOG-XT),ECCV 2026,NeRF Synthetic,PSNR,10,no,"interpolated point at which the method matches INRIA 3DGS 40k quality on that metric; * means the smallest available operating point already reaches it, so the factor is a lower bound"
kiss_gs_morgenstern_eccv2026,2608.26948,Table 3,14,KISS-GS (SOG-XT + FT),ECCV 2026,Tanks and Temples,PSNR,319,no,"interpolated point at which the method matches INRIA 3DGS 40k quality on that metric; * means the smallest available operating point already reaches it, so the factor is a lower bound"
kiss_gs_morgenstern_eccv2026,2608.26948,Table 3,14,KISS-GS (SOG-XT + FT),ECCV 2026,Tanks and Temples,SSIM,131,no,"interpolated point at which the method matches INRIA 3DGS 40k quality on that metric; * means the smallest available operating point already reaches it, so the factor is a lower bound"
kiss_gs_morgenstern_eccv2026,2608.26948,Table 3,14,KISS-GS (SOG-XT + FT),ECCV 2026,Tanks and Temples,LPIPS,72,no,"interpolated point at which the method matches INRIA 3DGS 40k quality on that metric; * means the smallest available operating point already reaches it, so the factor is a lower bound"
kiss_gs_morgenstern_eccv2026,2608.26948,Table 3,14,KISS-GS (SOG-XT + FT),ECCV 2026,Mip-NeRF 360,PSNR,228,no,"interpolated point at which the method matches INRIA 3DGS 40k quality on that metric; * means the smallest available operating point already reaches it, so the factor is a lower bound"
kiss_gs_morgenstern_eccv2026,2608.26948,Table 3,14,KISS-GS (SOG-XT + FT),ECCV 2026,Mip-NeRF 360,SSIM,109,no,"interpolated point at which the method matches INRIA 3DGS 40k quality on that metric; * means the smallest available operating point already reaches it, so the factor is a lower bound"
kiss_gs_morgenstern_eccv2026,2608.26948,Table 3,14,KISS-GS (SOG-XT + FT),ECCV 2026,Mip-NeRF 360,LPIPS,64,no,"interpolated point at which the method matches INRIA 3DGS 40k quality on that metric; * means the smallest available operating point already reaches it, so the factor is a lower bound"
kiss_gs_morgenstern_eccv2026,2608.26948,Table 3,14,KISS-GS (SOG-XT + FT),ECCV 2026,Deep Blending,PSNR,85,no,"interpolated point at which the method matches INRIA 3DGS 40k quality on that metric; * means the smallest available operating point already reaches it, so the factor is a lower bound"
kiss_gs_morgenstern_eccv2026,2608.26948,Table 3,14,KISS-GS (SOG-XT + FT),ECCV 2026,Deep Blending,SSIM,98,no,"interpolated point at which the method matches INRIA 3DGS 40k quality on that metric; * means the smallest available operating point already reaches it, so the factor is a lower bound"
kiss_gs_morgenstern_eccv2026,2608.26948,Table 3,14,KISS-GS (SOG-XT + FT),ECCV 2026,NeRF Synthetic,PSNR,21,no,"interpolated point at which the method matches INRIA 3DGS 40k quality on that metric; * means the smallest available operating point already reaches it, so the factor is a lower bound"
kiss_gs_morgenstern_eccv2026,2608.26948,Table 3,14,KISS-GS (SOG-XT + FT),ECCV 2026,NeRF Synthetic,SSIM,14,no,"interpolated point at which the method matches INRIA 3DGS 40k quality on that metric; * means the smallest available operating point already reaches it, so the factor is a lower bound"
kiss_gs_morgenstern_eccv2026,2608.26948,Table 3,14,KISS-GS (SOG-XT + FT),ECCV 2026,NeRF Synthetic,LPIPS,14,no,"interpolated point at which the method matches INRIA 3DGS 40k quality on that metric; * means the smallest available operating point already reaches it, so the factor is a lower bound"
